-- phpMyAdmin SQL Dump
-- version 3.4.10.1deb1
-- http://www.phpmyadmin.net
--
-- Хост: localhost
-- Време на генериране: 14 фев 2015 в 02:01
-- Версия на сървъра: 5.5.40
-- Версия на PHP: 5.4.36-1+deb.sury.org~precise+2

SET SQL_MODE="NO_AUTO_VALUE_ON_ZERO";
SET time_zone = "+00:00";


/*!40101 SET @OLD_CHARACTER_SET_CLIENT=@@CHARACTER_SET_CLIENT */;
/*!40101 SET @OLD_CHARACTER_SET_RESULTS=@@CHARACTER_SET_RESULTS */;
/*!40101 SET @OLD_COLLATION_CONNECTION=@@COLLATION_CONNECTION */;
/*!40101 SET NAMES utf8 */;

--
-- База данни: `learning-laravel`
--

-- --------------------------------------------------------

--
-- Структура на таблица `answers`
--

CREATE TABLE IF NOT EXISTS `answers` (
  `id` int(11) NOT NULL AUTO_INCREMENT,
  `question_id` int(11) NOT NULL,
  `answer` varchar(255) NOT NULL,
  `is_correct` tinyint(1) NOT NULL,
  `created_at` datetime NOT NULL,
  `updated_at` datetime NOT NULL,
  PRIMARY KEY (`id`),
  KEY `question_id` (`question_id`)
) ENGINE=InnoDB  DEFAULT CHARSET=utf8 AUTO_INCREMENT=163 ;

--
-- Ссхема на данните от таблица `answers`
--

INSERT INTO `answers` (`id`, `question_id`, `answer`, `is_correct`, `created_at`, `updated_at`) VALUES
(53, 25, 'Вярно', 1, '2015-02-13 17:33:43', '2015-02-13 17:33:43'),
(54, 25, 'Грешно', 0, '2015-02-13 17:33:43', '2015-02-13 17:33:43'),
(55, 26, 'Вярно', 1, '2015-02-13 17:35:33', '2015-02-13 17:35:33'),
(56, 26, 'Грешно', 0, '2015-02-13 17:35:33', '2015-02-13 17:35:33'),
(57, 27, 'Вярно', 1, '2015-02-13 17:36:28', '2015-02-13 17:36:28'),
(58, 27, 'Грешно', 0, '2015-02-13 17:36:28', '2015-02-13 17:36:28'),
(65, 30, 'Вярно', 1, '2015-02-13 17:39:22', '2015-02-13 17:39:22'),
(66, 30, 'Грешно', 0, '2015-02-13 17:39:22', '2015-02-13 17:39:22'),
(67, 31, 'interaction designers', 0, '2015-02-13 17:40:32', '2015-02-13 17:40:32'),
(68, 31, 'графични дизайнери', 0, '2015-02-13 17:40:32', '2015-02-13 17:40:32'),
(69, 31, 'мениджъри на отдел продажби', 0, '2015-02-13 17:40:32', '2015-02-13 17:40:32'),
(70, 31, 'помощен персонал', 1, '2015-02-13 17:40:32', '2015-02-13 17:40:32'),
(71, 32, 'да се премахне валидацията', 1, '2015-02-13 17:41:50', '2015-02-13 17:41:50'),
(72, 32, 'да се ограничат действията на потребителя', 0, '2015-02-13 17:41:50', '2015-02-13 17:41:50'),
(73, 32, 'да се предостави help програма', 0, '2015-02-13 17:41:50', '2015-02-13 17:41:50'),
(74, 33, 'основен бутон + първата буква от командата', 0, '2015-02-13 17:43:34', '2015-02-13 17:43:34'),
(75, 33, 'основен бутон + първата буква от командата. Ако комбинацията не е възможна, то се сменя или основния бутон, или буквата.', 1, '2015-02-13 17:43:34', '2015-02-13 17:43:34'),
(76, 33, 'основен бутон + цифра', 0, '2015-02-13 17:43:34', '2015-02-13 17:43:34'),
(77, 33, 'комбинация от цифри', 0, '2015-02-13 17:43:34', '2015-02-13 17:43:34'),
(78, 34, 'принтер', 0, '2015-02-13 17:44:15', '2015-02-13 17:44:15'),
(79, 34, 'мишка', 1, '2015-02-13 17:44:15', '2015-02-13 17:44:15'),
(80, 34, 'монитор', 0, '2015-02-13 17:44:15', '2015-02-13 17:44:15'),
(81, 35, 'Вярно', 1, '2015-02-13 17:45:07', '2015-02-13 17:45:07'),
(82, 35, 'Грешно', 0, '2015-02-13 17:45:07', '2015-02-13 17:45:07'),
(83, 36, 'Грешно', 1, '2015-02-13 17:46:29', '2015-02-13 17:46:29'),
(84, 36, 'Вярно', 0, '2015-02-13 17:46:30', '2015-02-13 17:46:30'),
(85, 37, 'за колко време се ориентира потребителят', 0, '2015-02-13 17:48:11', '2015-02-13 17:48:11'),
(86, 37, 'колко пъти потребителя избира нещо, а след това се връща назад', 0, '2015-02-13 17:48:11', '2015-02-13 17:48:11'),
(87, 37, 'брой редове код', 1, '2015-02-13 17:48:11', '2015-02-13 17:48:11'),
(88, 38, 'брой редове код', 0, '2015-02-13 17:48:59', '2015-02-13 17:48:59'),
(89, 38, 'атмосфера в колектива', 0, '2015-02-13 17:49:00', '2015-02-13 17:49:00'),
(90, 38, 'интуитивността на интерфейса', 1, '2015-02-13 17:49:00', '2015-02-13 17:49:00'),
(91, 39, 'goal', 0, '2015-02-13 17:50:03', '2015-02-13 17:50:03'),
(92, 39, 'evaluation', 0, '2015-02-13 17:50:03', '2015-02-13 17:50:03'),
(93, 39, 'user', 1, '2015-02-13 17:50:03', '2015-02-13 17:50:03'),
(94, 39, 'system', 0, '2015-02-13 17:50:03', '2015-02-13 17:50:03'),
(95, 39, 'execution', 0, '2015-02-13 17:50:03', '2015-02-13 17:50:03'),
(96, 40, 'Вярно', 1, '2015-02-13 17:50:30', '2015-02-13 17:50:30'),
(97, 40, 'Грешно', 0, '2015-02-13 17:50:31', '2015-02-13 17:50:31'),
(98, 41, 'user', 0, '2015-02-13 17:52:29', '2015-02-13 17:52:29'),
(99, 41, 'system', 0, '2015-02-13 17:52:29', '2015-02-13 17:52:29'),
(100, 41, 'input', 0, '2015-02-13 17:52:29', '2015-02-13 17:52:29'),
(101, 41, 'ouptup', 0, '2015-02-13 17:52:29', '2015-02-13 17:52:29'),
(102, 41, 'goals', 1, '2015-02-13 17:52:29', '2015-02-13 17:52:29'),
(103, 42, 'Вярно', 0, '2015-02-13 17:53:51', '2015-02-13 17:53:51'),
(104, 42, 'Грешно', 1, '2015-02-13 17:53:51', '2015-02-13 17:53:51'),
(105, 43, 'Вярно', 1, '2015-02-13 17:54:28', '2015-02-13 17:54:28'),
(106, 43, 'Грешно', 0, '2015-02-13 17:54:28', '2015-02-13 17:54:28'),
(107, 44, 'Вярно', 1, '2015-02-13 17:55:07', '2015-02-13 17:55:07'),
(108, 44, 'Грешно', 0, '2015-02-13 17:55:07', '2015-02-13 17:55:07'),
(109, 45, 'Windows Icons Menus Pointers', 1, '2015-02-13 17:56:24', '2015-02-13 17:56:24'),
(110, 45, 'Windows Input Move Pointer', 0, '2015-02-13 17:56:24', '2015-02-13 17:56:24'),
(111, 46, 'Вярно', 0, '2015-02-13 17:57:02', '2015-02-13 17:57:02'),
(112, 46, 'Грешно', 1, '2015-02-13 17:57:02', '2015-02-13 17:57:02'),
(113, 47, 'Вярно', 1, '2015-02-13 17:58:39', '2015-02-13 17:58:39'),
(114, 47, 'Грешно', 0, '2015-02-13 17:58:39', '2015-02-13 17:58:39'),
(115, 48, 'Вярно', 1, '2015-02-13 17:59:16', '2015-02-13 17:59:16'),
(116, 48, 'Грешно', 0, '2015-02-13 17:59:16', '2015-02-13 17:59:16'),
(117, 49, 'Да се намери принцип, по който да се премахнат някои от опциите', 0, '2015-02-13 18:01:36', '2015-02-13 18:01:36'),
(118, 49, 'Да се групират йерархично опциите', 1, '2015-02-13 18:01:36', '2015-02-13 18:01:36'),
(119, 50, 'Меню интерфейс', 1, '2015-02-13 18:03:08', '2015-02-13 18:03:08'),
(120, 50, 'CLI интерфейс (command line interface)', 0, '2015-02-13 18:03:08', '2015-02-13 18:03:08'),
(121, 51, 'Вярно', 1, '2015-02-13 18:03:59', '2015-02-13 18:03:59'),
(122, 51, 'Грешно', 0, '2015-02-13 18:03:59', '2015-02-13 18:03:59'),
(123, 52, 'Вярно', 0, '2015-02-13 18:04:50', '2015-02-13 18:04:50'),
(124, 52, 'Грешно', 1, '2015-02-13 18:04:50', '2015-02-13 18:04:50'),
(125, 53, 'Вярно', 1, '2015-02-13 18:05:43', '2015-02-13 18:05:43'),
(126, 53, 'Грешно', 0, '2015-02-13 18:05:43', '2015-02-13 18:05:43'),
(127, 54, 'Mode View Controller', 0, '2015-02-13 18:07:44', '2015-02-13 18:07:44'),
(128, 54, 'Model View Command', 0, '2015-02-13 18:07:44', '2015-02-13 18:07:44'),
(129, 54, 'Model View Controller', 1, '2015-02-13 18:07:44', '2015-02-13 18:07:44'),
(130, 55, 'Вярно', 1, '2015-02-13 18:08:37', '2015-02-13 18:08:37'),
(131, 55, 'Грешно', 0, '2015-02-13 18:08:37', '2015-02-13 18:08:37'),
(132, 56, 'Вярно', 1, '2015-02-13 18:09:15', '2015-02-13 18:09:15'),
(133, 56, 'Грешно', 0, '2015-02-13 18:09:15', '2015-02-13 18:09:15'),
(134, 57, 'Вярно', 1, '2015-02-13 18:09:51', '2015-02-13 18:09:51'),
(135, 57, 'Грешно', 0, '2015-02-13 18:09:51', '2015-02-13 18:09:51'),
(136, 58, 'Вярно', 1, '2015-02-13 18:10:21', '2015-02-13 18:10:21'),
(137, 58, 'Грешно', 0, '2015-02-13 18:10:21', '2015-02-13 18:10:21'),
(138, 59, 'човек, който не използва системата, нито използва резултата от нея', 1, '2015-02-13 18:12:33', '2015-02-13 18:12:33'),
(139, 59, 'човек, който използва системата', 0, '2015-02-13 18:12:33', '2015-02-13 18:12:33'),
(140, 59, 'човек, който използва резултата от работата на системата', 0, '2015-02-13 18:12:33', '2015-02-13 18:12:33'),
(141, 60, 'Да', 1, '2015-02-13 18:13:26', '2015-02-13 18:13:26'),
(142, 60, 'Не', 0, '2015-02-13 18:13:26', '2015-02-13 18:13:26'),
(143, 61, 'Вярно', 1, '2015-02-13 18:14:57', '2015-02-13 18:14:57'),
(144, 61, 'Грешно', 0, '2015-02-13 18:14:58', '2015-02-13 18:14:58'),
(145, 62, 'Вярно', 0, '2015-02-13 18:15:52', '2015-02-13 18:15:52'),
(146, 62, 'Грешно', 1, '2015-02-13 18:15:52', '2015-02-13 18:15:52'),
(147, 63, 'Вярно', 1, '2015-02-13 18:16:21', '2015-02-13 18:16:21'),
(148, 63, 'Грешно', 0, '2015-02-13 18:16:21', '2015-02-13 18:16:21'),
(149, 64, 'Вярно', 1, '2015-02-13 18:16:57', '2015-02-13 18:16:57'),
(150, 64, 'Грешно', 0, '2015-02-13 18:16:57', '2015-02-13 18:16:57'),
(151, 65, 'Концептуален дизайн', 1, '2015-02-13 18:17:50', '2015-02-13 18:17:50'),
(152, 65, 'Физически дизайн', 0, '2015-02-13 18:17:50', '2015-02-13 18:17:50'),
(153, 66, 'Вярно', 1, '2015-02-13 18:18:33', '2015-02-13 18:18:33'),
(154, 66, 'Грешно', 0, '2015-02-13 18:18:33', '2015-02-13 18:18:33'),
(155, 67, 'Грешно', 1, '2015-02-13 18:19:45', '2015-02-13 18:19:45'),
(156, 67, 'Вярно', 0, '2015-02-13 18:19:45', '2015-02-13 18:19:45'),
(157, 68, 'Вярно', 1, '2015-02-13 18:20:45', '2015-02-13 18:20:45'),
(158, 68, 'Грешно', 0, '2015-02-13 18:20:45', '2015-02-13 18:20:45'),
(159, 69, 'Грешно', 1, '2015-02-13 18:21:23', '2015-02-13 18:21:23'),
(160, 69, 'Вярно', 0, '2015-02-13 18:21:23', '2015-02-13 18:21:23'),
(161, 70, 'Вярно', 1, '2015-02-13 18:22:21', '2015-02-13 18:22:21'),
(162, 70, 'Грешно', 0, '2015-02-13 18:22:21', '2015-02-13 18:22:21');

-- --------------------------------------------------------

--
-- Структура на таблица `moderators`
--

CREATE TABLE IF NOT EXISTS `moderators` (
  `id` int(11) NOT NULL AUTO_INCREMENT,
  `username` varchar(64) NOT NULL,
  `password` varchar(64) NOT NULL,
  `created_at` datetime NOT NULL,
  `updated_at` datetime NOT NULL,
  PRIMARY KEY (`id`)
) ENGINE=InnoDB  DEFAULT CHARSET=utf8 AUTO_INCREMENT=3 ;

--
-- Ссхема на данните от таблица `moderators`
--

INSERT INTO `moderators` (`id`, `username`, `password`, `created_at`, `updated_at`) VALUES
(1, 'admin', 'admin', '2015-02-04 00:00:00', '2015-02-13 00:00:00');

-- --------------------------------------------------------

--
-- Структура на таблица `questions`
--

CREATE TABLE IF NOT EXISTS `questions` (
  `id` int(11) NOT NULL AUTO_INCREMENT,
  `question` varchar(255) NOT NULL,
  `created_at` datetime NOT NULL,
  `updated_at` datetime NOT NULL,
  PRIMARY KEY (`id`)
) ENGINE=InnoDB  DEFAULT CHARSET=utf8 AUTO_INCREMENT=71 ;

--
-- Ссхема на данните от таблица `questions`
--

INSERT INTO `questions` (`id`, `question`, `created_at`, `updated_at`) VALUES
(25, 'HCI обединява множество области, свързани с човека и компютрите', '2015-02-13 17:33:43', '2015-02-13 17:33:43'),
(26, 'HCI обединява множество области, свързани с човека и компютрите', '2015-02-13 17:35:33', '2015-02-13 17:35:33'),
(27, 'HCI обединява множество области, свързани с човека и компютрите', '2015-02-13 17:36:28', '2015-02-13 17:36:28'),
(30, 'HCI обединява множество области, свързани с човека и компютрите', '2015-02-13 17:39:22', '2015-02-13 17:39:22'),
(31, 'Какви специалисти НЕ са необходими в екипиа за HCI?', '2015-02-13 17:40:32', '2015-02-13 17:40:32'),
(32, 'Как НЕ могат да се ограничат възможностите грешки на потебителя?', '2015-02-13 17:41:50', '2015-02-13 17:41:50'),
(33, 'Как се създават най-често клавишните комбинации за извършване на действие (напр. Ctrl + C)?', '2015-02-13 17:43:34', '2015-02-13 17:43:34'),
(34, 'Кое не е изходно устройство?', '2015-02-13 17:44:15', '2015-02-13 17:44:15'),
(35, 'Речта може да е входно устройство.', '2015-02-13 17:45:07', '2015-02-13 17:45:07'),
(36, 'Цветовата схема в една система не е от особено значение', '2015-02-13 17:46:29', '2015-02-13 17:46:29'),
(37, 'На какво НЕ се прави оценка при оценяването на интерфейс?', '2015-02-13 17:48:11', '2015-02-13 17:48:11'),
(38, 'На какво се прави оценка при оценяването на интерфейс?', '2015-02-13 17:48:59', '2015-02-13 17:48:59'),
(39, 'Кой компонент не е част от концепцията на Donald Norman', '2015-02-13 17:50:03', '2015-02-13 17:50:03'),
(40, 'Концепцията на Donald Norman се състои от 7 стъпки.', '2015-02-13 17:50:30', '2015-02-13 17:50:30'),
(41, 'Кой компонент не е част от концепцията на Abowd и Beale?', '2015-02-13 17:52:29', '2015-02-13 17:52:29'),
(42, 'CLI (command line interface) е подходящ за неспециалисти', '2015-02-13 17:53:51', '2015-02-13 17:53:51'),
(43, 'GUI интерфейсът е подходящ за неспециалисти.', '2015-02-13 17:54:28', '2015-02-13 17:54:28'),
(44, 'Системите чрез говор често имат проблеми заради различните акценти на езиците.', '2015-02-13 17:55:07', '2015-02-13 17:55:07'),
(45, 'WIMP е:', '2015-02-13 17:56:24', '2015-02-13 17:56:24'),
(46, 'View от MVC служи за обработка на данни, Бизнес логика и други изчисления.', '2015-02-13 17:57:02', '2015-02-13 17:57:02'),
(47, 'Domain е област, в която се използва продукта.', '2015-02-13 17:58:39', '2015-02-13 17:58:39'),
(48, 'Системният дизайн се занимава с връзките на системата с други системи и устройства.', '2015-02-13 17:59:16', '2015-02-13 17:59:16'),
(49, 'Когато има нужда от много опции по менютата се използва подходът:', '2015-02-13 18:01:36', '2015-02-13 18:01:36'),
(50, 'За кой от интерфейсите не е нужно предварително запознаване с интерфейса?', '2015-02-13 18:03:08', '2015-02-13 18:03:08'),
(51, 'Touch интерфейсите са удобни в случаите, в които няма място за периферия.', '2015-02-13 18:03:59', '2015-02-13 18:03:59'),
(52, 'Touch интерфейсите са удобни, защото поддържат комбинации от основен бутон и буква, за да се изпълни дадено действие.', '2015-02-13 18:04:50', '2015-02-13 18:04:50'),
(53, 'CLI (command line interface) е бърз, защото извършва директна комуникация с ОС.', '2015-02-13 18:05:43', '2015-02-13 18:05:43'),
(54, 'MVC е:', '2015-02-13 18:07:44', '2015-02-13 18:07:44'),
(55, 'Ако съдържанието на процореца е прекалено голямо, то се добавят скролери.', '2015-02-13 18:08:37', '2015-02-13 18:08:37'),
(56, 'Основен компонент на WIMP са иконите', '2015-02-13 18:09:15', '2015-02-13 18:09:15'),
(57, 'Основен компонент на WIMP са бутоните', '2015-02-13 18:09:51', '2015-02-13 18:09:51'),
(58, 'Основен компонент на WIMP са диалоговите кутии', '2015-02-13 18:10:21', '2015-02-13 18:10:21'),
(59, 'Потребителят не може да бъде:', '2015-02-13 18:12:33', '2015-02-13 18:12:33'),
(60, 'Потребителят може ли да бъде едновременно собственик и разпространител на приложението.', '2015-02-13 18:13:26', '2015-02-13 18:13:26'),
(61, 'Дизайнът, фокусиран върху потребителя, задължително разчита, че потребителят е запознат с интерфейса и взема участие в изготвянето му.', '2015-02-13 18:14:57', '2015-02-13 18:14:57'),
(62, 'Дизайнът, фокусиран върху дейността, не се занимава с практическите задачи на системата.', '2015-02-13 18:15:52', '2015-02-13 18:15:52'),
(63, 'При системният дизайн потребителят е на заден план.', '2015-02-13 18:16:21', '2015-02-13 18:16:21'),
(64, 'Идейният дизайн (гениалният дизайн) е свързан с креативни идеи.', '2015-02-13 18:16:57', '2015-02-13 18:16:57'),
(65, 'Дизайнът, който представлява скициране на системата, без да се навлиза в детайли и конкретна разработка, е:', '2015-02-13 18:17:50', '2015-02-13 18:17:50'),
(66, 'При изготвяне на концептуален дизайн има риск потербителят да не разбира скицата ако няма креативно мислене.', '2015-02-13 18:18:33', '2015-02-13 18:18:33'),
(67, 'Прототипът не може да е от хартия, защото не е достатъчно достоверен.', '2015-02-13 18:19:45', '2015-02-13 18:19:45'),
(68, 'Вярно ли е твърдението: Прототипът е резултат от проектиране, чрез който се дава възможност на заинтересуваните лица да общуват с продукта и да оценят неговата пригодност.', '2015-02-13 18:20:45', '2015-02-13 18:20:45'),
(69, 'Прототипът с ниска вероятност е прототип, който най-вероятно няма да се хареса на възложител', '2015-02-13 18:21:23', '2015-02-13 18:21:23'),
(70, 'Прототипът с висока вероятност е прототип, който е близък до крайния продукт.', '2015-02-13 18:22:21', '2015-02-13 18:22:21');

-- --------------------------------------------------------

--
-- Структура на таблица `users`
--

CREATE TABLE IF NOT EXISTS `users` (
  `id` int(11) NOT NULL AUTO_INCREMENT,
  `username` varchar(50) NOT NULL,
  `fak_nom` varchar(10) NOT NULL,
  `points` int(11) NOT NULL,
  `created_at` datetime NOT NULL,
  `updated_at` datetime NOT NULL,
  PRIMARY KEY (`id`)
) ENGINE=InnoDB  DEFAULT CHARSET=utf8 AUTO_INCREMENT=34 ;

--
-- Ссхема на данните от таблица `users`
--

INSERT INTO `users` (`id`, `username`, `fak_nom`, `points`, `created_at`, `updated_at`) VALUES
(1, 'Emanuil', '61162106', 0, '2015-02-13 21:55:24', '2015-02-13 21:55:24'),
(2, 'Pesho', '33322211', 11, '2015-02-13 22:17:03', '2015-02-13 22:17:31');

--
-- Ограничения за дъмпнати таблици
--

--
-- Ограничения за таблица `answers`
--
ALTER TABLE `answers`
  ADD CONSTRAINT `answers_ibfk_1` FOREIGN KEY (`question_id`) REFERENCES `questions` (`id`) ON DELETE CASCADE ON UPDATE CASCADE;

/*!40101 SET CHARACTER_SET_CLIENT=@OLD_CHARACTER_SET_CLIENT */;
/*!40101 SET CHARACTER_SET_RESULTS=@OLD_CHARACTER_SET_RESULTS */;
/*!40101 SET COLLATION_CONNECTION=@OLD_COLLATION_CONNECTION */;
